name,day,month,year,hours,minutes
Testcase 1,20,10,2023,10,30
Testcase 2,2,10,2023,10,30
Testcase 3,1,10,2023,10,30
Testcase 4,30,10,2023,10,30
Testcase 5,31,10,2023,10,30
Testcase 6,20,2,2023,10,30
Testcase 7,20,1,2023,10,30
Testcase 8,20,11,2023,10,30
Testcase 9,20,12,2023,10,30
Testcase 10,20,10,1901,10,30
Testcase 11,20,10,1900,10,30
Testcase 12,20,10,2049,10,30
Testcase 13,20,10,2050,10,30
Testcase 14,20,10,2023,1,30
Testcase 15,20,10,2023,0,30
Testcase 16,20,10,2023,22,30
Testcase 17,20,10,2023,23,30
Testcase 18,20,10,2023,10,1
Testcase 19,20,10,2023,10,0
Testcase 20,20,10,2023,10,58
Testcase 21,20,10,2023,10,59